ID,IP,First Name,Last Name,Username,Email,Department,Phone Number,Location
1,191.214.233.1,Jonathan,Jamison,jonathan1,jonathan.jamison@corp.mail.ca,Project Management,6133944445,EM1
2,191.214.233.2,Richard,Carroll,richard2,richard.carroll@corp.mail.ca,Information Technology,6133946932,EM2
3,191.214.233.3,Zella,Hinton,zella3,zella.hinton@corp.mail.ca,Project Management,6133942288,EM3
4,191.214.233.4,David,Sandoval,david4,david.sandoval@corp.mail.ca,Customer Service,6133944393,EM4
5,191.214.233.5,Anita,White,anita5,anita.white@corp.mail.ca,Research,6133940580,EM5
6,191.214.233.6,Dale,Hoskins,dale6,dale.hoskins@corp.mail.ca,Management,6133941130,EM6
7,191.214.233.7,Michelle,Matsuno,michelle7,michelle.matsuno@corp.mail.ca,Customer Service,6133944228,EM7
8,191.214.233.8,Daniel,Stelmack,daniel8,daniel.stelmack@corp.mail.ca,Human Resources,6133947758,EM8
9,191.214.233.9,Lori,Rosenblum,lori9,lori.rosenblum@corp.mail.ca,Business,6133942087,EM9
10,191.214.233.10,Sheryl,Crowe,sheryl10,sheryl.crowe@corp.mail.ca,Customer Service,6133945182,EM10
11,191.214.233.11,Eddie,Mullen,eddie11,eddie.mullen@corp.mail.ca,Marketing,6133949700,EM11
12,191.214.233.12,Frank,Johnson,frank12,frank.johnson@corp.mail.ca,Management,6133945510,EM12
13,191.214.233.13,Harold,Mavai,harold13,harold.mavai@corp.mail.ca,Customer Service,6133940340,EM13
14,191.214.233.14,Victor,Rose,victor14,victor.rose@corp.mail.ca,Business,6133945199,EM14
15,191.214.233.15,Benjamin,Herbert,benjamin15,benjamin.herbert@corp.mail.ca,Marketing,6133944303,EM15
16,191.214.233.16,Geraldine,Mcbride,geraldine16,geraldine.mcbride@corp.mail.ca,Production,6133944269,EM16
17,191.214.233.17,Mary,Evans,mary17,mary.evans@corp.mail.ca,Production,6133948690,EM17
18,191.214.233.18,Vanessa,Horton,vanessa18,vanessa.horton@corp.mail.ca,Production,6133949338,EM18
19,191.214.233.19,Susan,Echols,susan19,susan.echols@corp.mail.ca,Marketing,6133940685,EM19
20,191.214.233.20,Vera,Martin,vera20,vera.martin@corp.mail.ca,Business,6133945067,EM20
21,191.214.233.21,Dwayne,Joeckel,dwayne21,dwayne.joeckel@corp.mail.ca,Business,6133947843,EM21
22,191.214.233.22,Bobbie,Dunham,bobbie22,bobbie.dunham@corp.mail.ca,Production,6133946680,EM22
23,191.214.233.23,Ann,Jones,ann23,ann.jones@corp.mail.ca,Research,6133945866,EM23
24,191.214.233.24,John,Duvall,john24,john.duvall@corp.mail.ca,Management,6133945786,EM24
25,191.214.233.25,Carole,Perez,carole25,carole.perez@corp.mail.ca,Accounting/Finance,6133945835,EM25
26,191.214.233.26,Tracy,Hamlin,tracy26,tracy.hamlin@corp.mail.ca,Business,6133943923,EM26
27,191.214.233.27,Darrell,Bizzell,darrell27,darrell.bizzell@corp.mail.ca,Management,6133941393,EM27
28,191.214.233.28,George,Edgar,george28,george.edgar@corp.mail.ca,Customer Service,6133942949,EM28
29,191.214.233.29,Charlie,Santos,charlie29,charlie.santos@corp.mail.ca,Research,6133946269,EM29
30,191.214.233.30,Ricardo,Hicks,ricardo30,ricardo.hicks@corp.mail.ca,Management,6133949408,EM30
31,191.214.233.31,Carolyn,Dotson,carolyn31,carolyn.dotson@corp.mail.ca,Accounting/Finance,6133948589,EM31
32,191.214.233.32,Larry,Downs,larry32,larry.downs@corp.mail.ca,Research,6133941332,EM32
33,191.214.233.33,Derek,Dombrowski,derek33,derek.dombrowski@corp.mail.ca,Business,6133941464,EM33
34,191.214.233.34,Elizabeth,Wilkins,elizabeth34,elizabeth.wilkins@corp.mail.ca,Marketing,6133941571,EM34
35,191.214.233.35,Margaret,Howard,margaret35,margaret.howard@corp.mail.ca,Customer Service,6133946339,EM35
36,191.214.233.36,Dennis,Gray,dennis36,dennis.gray@corp.mail.ca,Marketing,6133942751,EM36
37,191.214.233.37,Keith,Bellamy,keith37,keith.bellamy@corp.mail.ca,Marketing,6133945707,EM37
38,191.214.233.38,Carol,Alli,carol38,carol.alli@corp.mail.ca,Project Management,6133944444,EM38
39,191.214.233.39,Crystal,Mccall,crystal39,crystal.mccall@corp.mail.ca,Research,6133948272,EM39
40,191.214.233.40,Donna,Simas,donna40,donna.simas@corp.mail.ca,Customer Service,6133942374,EM40
41,191.214.233.41,Alvin,Bacon,alvin41,alvin.bacon@corp.mail.ca,Business,6133942586,EM41
42,191.214.233.42,Jason,Morris,jason42,jason.morris@corp.mail.ca,Research,6133949337,EM42
43,191.214.233.43,Richard,Griffin,richard43,richard.griffin@corp.mail.ca,Information Technology,6133942651,EM43
44,191.214.233.44,Raven,Jenson,raven44,raven.jenson@corp.mail.ca,Customer Service,6133942334,EM44
45,191.214.233.45,Joel,Bladen,joel45,joel.bladen@corp.mail.ca,Research,6133948232,EM45
46,191.214.233.46,Abraham,Green,abraham46,abraham.green@corp.mail.ca,Production,6133942947,EM46
47,191.214.233.47,Ralph,Gentry,ralph47,ralph.gentry@corp.mail.ca,Accounting/Finance,6133948360,EM47
48,191.214.233.48,Larry,Carter,larry48,larry.carter@corp.mail.ca,Research,6133948700,EM48
49,191.214.233.49,Julie,Coffman,julie49,julie.coffman@corp.mail.ca,Human Resources,6133944565,EM49
50,191.214.233.50,Benjamin,Rindels,benjamin50,benjamin.rindels@corp.mail.ca,Customer Service,6133948036,EM50
51,191.214.233.51,Heidi,White,heidi51,heidi.white@corp.mail.ca,Research,6133948694,EM51
52,191.214.233.52,Craig,Waggner,craig52,craig.waggner@corp.mail.ca,Production,6133944607,EM52
53,191.214.233.53,Marion,Johnson,marion53,marion.johnson@corp.mail.ca,Accounting/Finance,6133943313,EM53
54,191.214.233.54,James,Joyce,james54,james.joyce@corp.mail.ca,Management,6133943069,EM54
55,191.214.233.55,Barbara,Halloran,barbara55,barbara.halloran@corp.mail.ca,Marketing,6133945162,EM55
56,191.214.233.56,Lola,Addison,lola56,lola.addison@corp.mail.ca,Customer Service,6133949399,EM56
57,191.214.233.57,Nina,Hungerford,nina57,nina.hungerford@corp.mail.ca,Project Management,6133940389,EM57
58,191.214.233.58,Eric,Childs,eric58,eric.childs@corp.mail.ca,Project Management,6133946888,EM58
59,191.214.233.59,Joey,Barrio,joey59,joey.barrio@corp.mail.ca,Customer Service,6133941813,EM59
60,191.214.233.60,Mia,Wright,mia60,mia.wright@corp.mail.ca,Production,6133940003,EM60
61,191.214.233.61,Samantha,Varney,samantha61,samantha.varney@corp.mail.ca,Information Technology,6133945041,EM61
62,191.214.233.62,Robert,Ruehle,robert62,robert.ruehle@corp.mail.ca,Business,6133947354,EM62
63,191.214.233.63,Jessie,Clark,jessie63,jessie.clark@corp.mail.ca,Marketing,6133943312,EM63
64,191.214.233.64,Pearl,Wilks,pearl64,pearl.wilks@corp.mail.ca,Information Technology,6133949005,EM64
65,191.214.233.65,Anna,Wright,anna65,anna.wright@corp.mail.ca,Business,6133940198,EM65
66,191.214.233.66,Steve,Holman,steve66,steve.holman@corp.mail.ca,Information Technology,6133941435,EM66
67,191.214.233.67,Santiago,Lanham,santiago67,santiago.lanham@corp.mail.ca,Project Management,6133943548,EM67
68,191.214.233.68,Minnie,Sharpe,minnie68,minnie.sharpe@corp.mail.ca,Accounting/Finance,6133943424,EM68
69,191.214.233.69,Nathan,White,nathan69,nathan.white@corp.mail.ca,Information Technology,6133944756,EM69
70,191.214.233.70,Vernon,England,vernon70,vernon.england@corp.mail.ca,Human Resources,6133945849,EM70
71,191.214.233.71,Jacques,Mccombs,jacques71,jacques.mccombs@corp.mail.ca,Information Technology,6133948196,EM71
72,191.214.233.72,Ronald,Hinds,ronald72,ronald.hinds@corp.mail.ca,Accounting/Finance,6133944674,EM72
73,191.214.233.73,Carl,Dufault,carl73,carl.dufault@corp.mail.ca,Project Management,6133943935,EM73
74,191.214.233.74,Michael,Burke,michael74,michael.burke@corp.mail.ca,Production,6133946596,EM74
75,191.214.233.75,Thomas,Cousins,thomas75,thomas.cousins@corp.mail.ca,Project Management,6133944384,EM75
76,191.214.233.76,Margaret,Johnson,margaret76,margaret.johnson@corp.mail.ca,Marketing,6133941562,EM76
77,191.214.233.77,Christopher,Cribbs,christopher77,christopher.cribbs@corp.mail.ca,Production,6133943282,EM77
78,191.214.233.78,Randy,Mitchell,randy78,randy.mitchell@corp.mail.ca,Customer Service,6133943262,EM78
79,191.214.233.79,William,Dupre,william79,william.dupre@corp.mail.ca,Information Technology,6133941029,EM79
80,191.214.233.80,Charles,Martinez,charles80,charles.martinez@corp.mail.ca,Marketing,6133943071,EM80
81,191.214.233.81,Edna,Bishop,edna81,edna.bishop@corp.mail.ca,Human Resources,6133949865,EM81
82,191.214.233.82,Gordon,Brady,gordon82,gordon.brady@corp.mail.ca,Accounting/Finance,6133943459,EM82
83,191.214.233.83,Kenneth,Joseph,kenneth83,kenneth.joseph@corp.mail.ca,Marketing,6133943541,EM83
84,191.214.233.84,Emma,Cook,emma84,emma.cook@corp.mail.ca,Information Technology,6133944618,EM84
85,191.214.233.85,Shirley,Pergola,shirley85,shirley.pergola@corp.mail.ca,Management,6133947645,EM85
86,191.214.233.86,Erin,Allen,erin86,erin.allen@corp.mail.ca,Human Resources,6133947885,EM86
87,191.214.233.87,Sherry,Brooks,sherry87,sherry.brooks@corp.mail.ca,Business,6133945779,EM87
88,191.214.233.88,Gloria,Sandy,gloria88,gloria.sandy@corp.mail.ca,Project Management,6133940624,EM88
89,191.214.233.89,Johnnie,Buckner,johnnie89,johnnie.buckner@corp.mail.ca,Information Technology,6133946294,EM89
90,191.214.233.90,Christopher,Moon,christopher90,christopher.moon@corp.mail.ca,Accounting/Finance,6133940858,EM90
91,191.214.233.91,Myra,Mclane,myra91,myra.mclane@corp.mail.ca,Accounting/Finance,6133944155,EM91
92,191.214.233.92,Williams,Chandler,williams92,williams.chandler@corp.mail.ca,Human Resources,6133947110,EM92
93,191.214.233.93,Eric,Doak,eric93,eric.doak@corp.mail.ca,Accounting/Finance,6133945792,EM93
94,191.214.233.94,Harry,Pappas,harry94,harry.pappas@corp.mail.ca,Accounting/Finance,6133946414,EM94
95,191.214.233.95,Kenneth,Mota,kenneth95,kenneth.mota@corp.mail.ca,Customer Service,6133942134,EM95
96,191.214.233.96,Beau,Mire,beau96,beau.mire@corp.mail.ca,Information Technology,6133943073,EM96
97,191.214.233.97,Bruce,Moore,bruce97,bruce.moore@corp.mail.ca,Business,6133948042,EM97
98,191.214.233.98,Katrina,Ward,katrina98,katrina.ward@corp.mail.ca,Information Technology,6133948482,EM98
99,191.214.233.99,Mary,Harman,mary99,mary.harman@corp.mail.ca,Research,6133942910,EM99
100,191.214.233.100,Joshua,Bailey,joshua100,joshua.bailey@corp.mail.ca,Research,6133945386,EM100
